{
  "num_users_evaluated": 102,
  "avg_relevant_per_user": 5.333333333333333,
  "avg_precision@5": 0.23725490196078428,
  "avg_recall@5": 0.23943744164332395,
  "avg_f1@5": 0.23203702615467325,
  "avg_ndcg@5": 0.2610156592923166,
  "avg_precision@10": 0.17843137254901967,
  "avg_recall@10": 0.3532679738562092,
  "avg_f1@10": 0.23206832255275162,
  "avg_ndcg@10": 0.3043019740147766,
  "avg_precision@20": 0.12058823529411765,
  "avg_recall@20": 0.471125116713352,
  "avg_f1@20": 0.18933652640813764,
  "avg_ndcg@20": 0.3565011050414942,
  "avg_map": 0.19430647625469397,
  "coverage": 0.6594827586206896,
  "diversity": 0.3
}