{
  "num_users_evaluated": 102,
  "avg_relevant_per_user": 5.333333333333333,
  "avg_precision@5": 0.22156862745098038,
  "avg_recall@5": 0.23252801120448177,
  "avg_f1@5": 0.21889227330403802,
  "avg_ndcg@5": 0.2562923916442209,
  "avg_precision@10": 0.18039215686274512,
  "avg_recall@10": 0.36510270774976655,
  "avg_f1@10": 0.23512119848625035,
  "avg_ndcg@10": 0.31171357213929446,
  "avg_precision@20": 0.12598039215686274,
  "avg_recall@20": 0.49422268907563033,
  "avg_f1@20": 0.19740823099731883,
  "avg_ndcg@20": 0.3697944147765831,
  "avg_map": 0.20379799570834306,
  "coverage": 0.6616379310344828,
  "diversity": 0.30098039215686273
}