{
  "num_users_evaluated": 552,
  "avg_relevant_per_user": 6.090579710144928,
  "avg_precision@5": 0.23369565217391305,
  "avg_recall@5": 0.24100646736516304,
  "avg_f1@5": 0.2215397948054598,
  "avg_ndcg@5": 0.28892705254392714,
  "avg_precision@10": 0.17228260869565215,
  "avg_recall@10": 0.3419657888407888,
  "avg_f1@10": 0.21606760372871223,
  "avg_ndcg@10": 0.3104916394342447,
  "avg_precision@20": 0.11476449275362317,
  "avg_recall@20": 0.4336974167137211,
  "avg_f1@20": 0.17403155936237816,
  "avg_ndcg@20": 0.35075171534650607,
  "avg_map": 0.19884000945758212,
  "coverage": 0.9773706896551724,
  "diversity": 0.08215579710144928
}